id,x,y,z,date_mpu,time_mpu,time_float
101,-1412,1064,15756,2022-03-25,20:20:59,20.3497
102,-1232,1000,15732,2022-03-25,20:21:16,20.3544
103,-1112,1000,15648,2022-03-25,20:21:32,20.3589
104,-1164,1000,15684,2022-03-25,20:21:48,20.3633
105,-1196,892,15768,2022-03-25,20:22:03,20.3675
106,-1380,1676,16356,2022-03-25,20:22:19,20.3719
107,-1176,972,15608,2022-03-25,20:22:35,20.3764
108,-1204,956,15752,2022-03-25,20:22:50,20.3806
109,-1188,1000,15560,2022-03-25,20:23:06,20.385
110,-1156,980,15724,2022-03-25,20:23:22,20.3894
111,-1152,968,15656,2022-03-25,20:23:37,20.3936
112,-1208,992,15728,2022-03-25,20:23:53,20.3981
113,-1204,984,15816,2022-03-25,20:24:09,20.4025
114,-1172,1044,15752,2022-03-25,20:24:24,20.4067
115,-1168,916,15728,2022-03-25,20:24:40,20.4111
116,-1192,980,15684,2022-03-25,20:24:56,20.4156
117,-1228,956,15716,2022-03-25,20:25:11,20.4197
118,-1156,944,15744,2022-03-25,20:25:27,20.4242
119,-1184,980,15680,2022-03-25,20:25:43,20.4286
120,-1184,988,15712,2022-03-25,20:25:58,20.4328
121,-1220,996,15688,2022-03-25,20:26:14,20.4372
122,-1180,1020,15756,2022-03-25,20:26:30,20.4417
123,-1196,960,15636,2022-03-25,20:26:45,20.4458
124,-1244,964,15624,2022-03-25,20:27:01,20.4503
125,-1208,1016,15744,2022-03-25,20:27:17,20.4547
126,-1284,1024,15804,2022-03-25,20:27:32,20.4589
127,-1172,992,15628,2022-03-25,20:27:48,20.4633
128,-1228,1024,15772,2022-03-25,20:28:04,20.4678
129,-1216,1008,15620,2022-03-25,20:28:19,20.4719
130,-1224,1012,15728,2022-03-25,20:28:35,20.4764
131,-1140,976,15804,2022-03-25,20:28:51,20.4808
132,-1180,948,15756,2022-03-25,20:29:06,20.485
133,-1172,984,15772,2022-03-25,20:29:22,20.4894
134,-1128,980,15724,2022-03-25,20:29:38,20.4939
135,-1192,992,15724,2022-03-25,20:29:53,20.4981
136,-1152,992,15716,2022-03-25,20:30:09,20.5025
137,-1216,960,15700,2022-03-25,20:30:25,20.5069
138,-1180,1012,15660,2022-03-25,20:30:40,20.5111
139,-1176,956,15624,2022-03-25,20:30:56,20.5156
140,-1156,996,15636,2022-03-25,20:31:12,20.52
141,-1208,1000,15704,2022-03-25,20:31:27,20.5242
142,-1132,1036,15648,2022-03-25,20:31:43,20.5286
143,-1184,948,15784,2022-03-25,20:31:59,20.5331
144,-1220,1008,15792,2022-03-25,20:32:14,20.5372
145,-1188,968,15664,2022-03-25,20:32:30,20.5417
146,-1148,852,15784,2022-03-25,20:32:46,20.5461
147,-1176,960,15680,2022-03-25,20:33:01,20.5503
148,-1144,976,15620,2022-03-25,20:33:17,20.5547
149,-1152,988,15672,2022-03-25,20:33:33,20.5592
150,-1172,968,15752,2022-03-25,20:33:48,20.5633
151,-1208,940,15648,2022-03-25,20:34:04,20.5678
152,-1132,972,15736,2022-03-25,20:34:20,20.5722
153,-1160,992,15636,2022-03-25,20:34:35,20.5764
154,-1192,984,15836,2022-03-25,20:34:51,20.5808
155,-1220,1016,15728,2022-03-25,20:35:07,20.5853
156,-1224,964,15724,2022-03-25,20:35:22,20.5894
157,-1208,1052,15816,2022-03-25,20:35:38,20.5939
158,-1120,948,15752,2022-03-25,20:35:54,20.5983
159,-1204,976,15704,2022-03-25,20:36:09,20.6025
160,-1220,1032,15724,2022-03-25,20:36:25,20.6069
161,-1160,1000,15684,2022-03-25,20:36:41,20.6114
162,-1128,984,15612,2022-03-25,20:36:56,20.6156
163,-1204,1004,15796,2022-03-25,20:37:12,20.62
164,-1236,972,15748,2022-03-25,20:37:28,20.6244
165,-1112,984,15784,2022-03-25,20:37:44,20.6289
166,-1152,972,15780,2022-03-25,20:37:59,20.6331
167,-1104,960,15676,2022-03-25,20:38:15,20.6375
168,-1204,1016,15796,2022-03-25,20:38:30,20.6417
169,-1184,1016,15736,2022-03-25,20:38:46,20.6461
170,-1188,928,15692,2022-03-25,20:39:02,20.6506
171,-1124,940,15732,2022-03-25,20:39:17,20.6547
172,-1196,1068,15712,2022-03-25,20:39:33,20.6592
173,-1124,968,15764,2022-03-25,20:39:49,20.6636
174,-1208,972,15844,2022-03-25,20:40:04,20.6678
175,-1176,976,15724,2022-03-25,20:40:20,20.6722
176,-1124,1048,15712,2022-03-25,20:40:36,20.6767
177,-1200,964,15704,2022-03-25,20:40:51,20.6808
178,-1168,1008,15812,2022-03-25,20:41:07,20.6853
179,-1216,912,15788,2022-03-25,20:41:23,20.6897
180,-1196,932,15752,2022-03-25,20:41:38,20.6939
181,-1208,988,15680,2022-03-25,20:41:54,20.6983
182,-1232,976,15624,2022-03-25,20:42:10,20.7028
183,-1228,940,15636,2022-03-25,20:42:25,20.7069
184,-1152,932,15632,2022-03-25,20:42:41,20.7114
185,-1148,1024,15756,2022-03-25,20:42:57,20.7158
186,-1152,928,15500,2022-03-25,20:43:12,20.72
187,-1192,936,15752,2022-03-25,20:43:28,20.7244
188,-1136,1024,15748,2022-03-25,20:43:44,20.7289
189,-1156,1004,15696,2022-03-25,20:43:59,20.7331
190,-1224,980,15600,2022-03-25,20:44:15,20.7375
191,-1216,948,15736,2022-03-25,20:44:31,20.7419
192,-1196,952,15708,2022-03-25,20:44:46,20.7461
193,-1216,1012,15712,2022-03-25,20:45:02,20.7506
194,-1268,1020,15732,2022-03-25,20:45:18,20.755
195,-1232,996,15792,2022-03-25,20:45:33,20.7592
196,-1196,1040,15688,2022-03-25,20:45:49,20.7636
197,-1312,1340,15708,2022-03-25,20:46:05,20.7681
198,-1220,948,15744,2022-03-25,20:46:20,20.7722
199,-1128,964,15664,2022-03-25,20:46:36,20.7767
200,-1192,984,15672,2022-03-25,20:46:52,20.7811
201,-1168,980,15832,2022-03-25,20:47:07,20.7853
202,-1232,984,15804,2022-03-25,20:47:23,20.7897
203,-1152,992,15636,2022-03-25,20:47:39,20.7942
204,-1164,972,15768,2022-03-25,20:47:54,20.7983
205,-1184,920,15788,2022-03-25,20:48:10,20.8028
206,-1152,1028,15740,2022-03-25,20:48:26,20.8072
207,-1208,936,15808,2022-03-25,20:48:41,20.8114
208,-1164,996,15840,2022-03-25,20:48:57,20.8158
209,-1192,1040,15696,2022-03-25,20:49:13,20.8203
210,-1180,996,15672,2022-03-25,20:49:28,20.8244
211,-1248,984,15564,2022-03-25,20:49:44,20.8289
212,-1092,956,15692,2022-03-25,20:50:00,20.8333
213,-1220,936,15712,2022-03-25,20:50:15,20.8375
214,-1164,984,15664,2022-03-25,20:50:31,20.8419
215,-1136,1032,15832,2022-03-25,20:50:47,20.8464
216,-1208,1016,15744,2022-03-25,20:51:02,20.8506
217,-1208,976,15688,2022-03-25,20:51:18,20.855
218,-1204,992,15724,2022-03-25,20:51:34,20.8594
219,-1248,1028,15688,2022-03-25,20:51:49,20.8636
220,-1108,972,15752,2022-03-25,20:52:05,20.8681
221,-1196,1004,15632,2022-03-25,20:52:21,20.8725
222,-1224,964,15728,2022-03-25,20:52:36,20.8767
223,-1168,916,15744,2022-03-25,20:52:52,20.8811
224,-1188,1044,15736,2022-03-25,20:53:08,20.8856
225,-1188,976,15724,2022-03-25,20:53:23,20.8897
226,-1156,956,15624,2022-03-25,20:53:39,20.8942
227,-1152,976,15776,2022-03-25,20:53:55,20.8986
228,-1212,1040,15772,2022-03-25,20:54:10,20.9028
229,-1208,976,15756,2022-03-25,20:54:26,20.9072
230,-1164,1012,15744,2022-03-25,20:54:42,20.9117
231,-1200,988,15784,2022-03-25,20:54:57,20.9158
232,-1232,996,15700,2022-03-25,20:55:13,20.9203
233,-1148,992,15688,2022-03-25,20:55:29,20.9247
234,-1168,932,15776,2022-03-25,20:55:44,20.9289
235,-1180,1024,15760,2022-03-25,20:56:00,20.9333
236,-1140,984,15588,2022-03-25,20:56:16,20.9378
237,-1224,960,15736,2022-03-25,20:56:31,20.9419
238,-1256,988,15744,2022-03-25,20:56:47,20.9464
239,-1188,1044,15760,2022-03-25,20:57:03,20.9508
240,-1160,976,15664,2022-03-25,20:57:18,20.955
241,-1216,932,15768,2022-03-25,20:57:34,20.9594
242,-1244,1004,15792,2022-03-25,20:57:50,20.9639
243,-1152,936,15736,2022-03-25,20:58:05,20.9681
244,-1208,928,15752,2022-03-25,20:58:21,20.9725
245,-1220,920,15836,2022-03-25,20:58:37,20.9769
246,-1164,1004,15684,2022-03-25,20:58:52,20.9811
247,-1132,948,15880,2022-03-25,20:59:08,20.9856
248,-1188,1008,15748,2022-03-25,20:59:24,20.99
249,-1216,1016,15724,2022-03-25,20:59:39,20.9942
250,-1212,996,15724,2022-03-25,20:59:55,20.9986
251,-1164,1028,15820,2022-03-25,21:00:11,21.0031
252,-1192,964,15816,2022-03-25,21:00:26,21.0072
253,-1172,976,15660,2022-03-25,21:00:42,21.0117
254,-1164,976,15836,2022-03-25,21:00:58,21.0161
255,-1148,1028,15776,2022-03-25,21:01:13,21.0203
256,-1208,920,15624,2022-03-25,21:01:29,21.0247
257,-1152,980,15696,2022-03-25,21:01:45,21.0292
258,-1224,1016,15656,2022-03-25,21:02:00,21.0333
259,-1184,996,15820,2022-03-25,21:02:16,21.0378
260,-1240,904,15756,2022-03-25,21:02:32,21.0422
261,-1148,964,15756,2022-03-25,21:02:47,21.0464
262,-1164,948,15748,2022-03-25,21:03:03,21.0508
263,-1188,1028,15788,2022-03-25,21:03:19,21.0553
264,-1168,1008,15656,2022-03-25,21:03:34,21.0594
265,-1164,944,15720,2022-03-25,21:03:50,21.0639
266,-1124,1040,15768,2022-03-25,21:04:06,21.0683
267,-1164,920,15632,2022-03-25,21:04:21,21.0725
268,-1156,1028,15748,2022-03-25,21:04:37,21.0769
269,-1216,968,15696,2022-03-25,21:04:53,21.0814
270,-1188,984,15732,2022-03-25,21:05:08,21.0856
271,-1192,1016,15660,2022-03-25,21:05:24,21.09
272,-1148,1008,15780,2022-03-25,21:05:40,21.0944
273,-1192,944,15772,2022-03-25,21:05:55,21.0986
274,-1172,1036,15728,2022-03-25,21:06:11,21.1031
275,-1164,1024,15724,2022-03-25,21:06:27,21.1075
276,-1124,976,15676,2022-03-25,21:06:42,21.1117
277,-1168,1036,15724,2022-03-25,21:06:58,21.1161
278,-1264,1032,15816,2022-03-25,21:07:14,21.1206
279,-1200,908,15668,2022-03-25,21:07:29,21.1247
280,-1192,916,15724,2022-03-25,21:07:45,21.1292
281,-1188,968,15676,2022-03-25,21:08:01,21.1336
282,-1176,1032,15736,2022-03-25,21:08:16,21.1378
283,-1228,1020,15760,2022-03-25,21:08:32,21.1422
284,-1192,1012,15720,2022-03-25,21:08:48,21.1467
285,-1232,972,15716,2022-03-25,21:09:03,21.1508
286,-1232,996,15808,2022-03-25,21:09:19,21.1553
287,-1176,944,15684,2022-03-25,21:09:35,21.1597
288,-1204,912,15588,2022-03-25,21:09:50,21.1639
289,-1144,940,15656,2022-03-25,21:10:06,21.1683
290,-1196,908,15756,2022-03-25,21:10:22,21.1728
291,-1104,892,15608,2022-03-25,21:10:37,21.1769
292,-1228,972,15724,2022-03-25,21:10:53,21.1814
293,-1224,1008,15756,2022-03-25,21:11:09,21.1858
294,-1216,992,15700,2022-03-25,21:11:24,21.19
295,-1272,908,15704,2022-03-25,21:11:40,21.1944
296,-1192,988,15724,2022-03-25,21:11:56,21.1989
297,-1160,972,15728,2022-03-25,21:12:11,21.2031
298,-1208,992,15660,2022-03-25,21:12:27,21.2075
299,-1144,932,15704,2022-03-25,21:12:43,21.2119
300,-1148,972,15684,2022-03-25,21:12:58,21.2161
301,-1104,1008,15592,2022-03-25,21:13:14,21.2206
302,-1240,948,15784,2022-03-25,21:13:30,21.225
303,-1260,1032,15800,2022-03-25,21:13:45,21.2292
304,-1220,980,15764,2022-03-25,21:14:01,21.2336
305,-1240,1000,15732,2022-03-25,21:14:17,21.2381
306,-1240,940,15644,2022-03-25,21:14:32,21.2422
307,-1244,984,15752,2022-03-25,21:14:48,21.2467
308,-1240,980,15856,2022-03-25,21:15:04,21.2511
309,-1244,972,15760,2022-03-25,21:15:19,21.2553
310,-1180,1016,15640,2022-03-25,21:15:35,21.2597
311,-1224,1004,15692,2022-03-25,21:15:51,21.2642
312,-1192,900,15684,2022-03-25,21:16:06,21.2683
313,-1200,964,15676,2022-03-25,21:16:22,21.2728
314,-1196,964,15700,2022-03-25,21:16:38,21.2772
315,-1164,968,15792,2022-03-25,21:16:53,21.2814
316,-1208,1000,15712,2022-03-25,21:17:09,21.2858
317,-1240,1020,15692,2022-03-25,21:17:25,21.2903
318,-1228,1040,15824,2022-03-25,21:17:40,21.2944
319,-1192,988,15792,2022-03-25,21:17:56,21.2989
320,-1176,988,15752,2022-03-25,21:18:12,21.3033
321,-1176,1060,15676,2022-03-25,21:18:27,21.3075
322,-1164,972,15856,2022-03-25,21:18:43,21.3119
323,-1240,1048,15812,2022-03-25,21:18:59,21.3164
324,-1156,968,15656,2022-03-25,21:19:14,21.3206
325,-1184,1000,15804,2022-03-25,21:19:30,21.325
326,-1204,932,15728,2022-03-25,21:19:46,21.3294
327,-1184,956,15724,2022-03-25,21:20:01,21.3336
328,-1188,1020,15632,2022-03-25,21:20:17,21.3381
329,-1196,928,15656,2022-03-25,21:20:33,21.3425
330,-1196,956,15740,2022-03-25,21:20:48,21.3467
331,-1292,1088,15628,2022-03-25,21:21:04,21.3511
332,-1176,892,15704,2022-03-25,21:21:20,21.3556
333,-1176,1004,15792,2022-03-25,21:21:35,21.3597
334,-1180,972,15732,2022-03-25,21:21:51,21.3642
335,-1192,976,15780,2022-03-25,21:22:07,21.3686
336,-1236,996,15684,2022-03-25,21:22:22,21.3728
337,-1164,964,15720,2022-03-25,21:22:38,21.3772
338,-1212,960,15716,2022-03-25,21:22:54,21.3817
339,-1208,1024,15804,2022-03-25,21:23:09,21.3858
340,-1240,968,15604,2022-03-25,21:23:25,21.3903
341,-1164,1000,15716,2022-03-25,21:23:41,21.3947
342,-1132,1024,15744,2022-03-25,21:23:57,21.3992
343,-1216,956,15736,2022-03-25,21:24:14,21.4039
344,-1188,984,15612,2022-03-25,21:24:30,21.4083
345,-1204,988,15796,2022-03-25,21:24:45,21.4125
346,-1216,936,15740,2022-03-25,21:25:01,21.4169
347,-1164,1000,15632,2022-03-25,21:25:17,21.4214
348,-1168,948,15760,2022-03-25,21:25:32,21.4256
349,-1140,988,15664,2022-03-25,21:25:48,21.43
350,-1144,980,15752,2022-03-25,21:26:05,21.4347
351,-1272,960,15760,2022-03-25,21:26:21,21.4392
352,-1220,972,15568,2022-03-25,21:26:37,21.4436
353,-1192,972,15744,2022-03-25,21:26:52,21.4478
354,-1224,1016,15724,2022-03-25,21:27:08,21.4522
355,-1168,984,15688,2022-03-25,21:27:24,21.4567
356,-1180,1040,15732,2022-03-25,21:27:39,21.4608
357,-1208,960,15656,2022-03-25,21:27:55,21.4653
358,-1200,996,15872,2022-03-25,21:28:11,21.4697
359,-1148,976,15824,2022-03-25,21:28:26,21.4739
360,-1232,996,15632,2022-03-25,21:28:42,21.4783
361,-1228,984,15640,2022-03-25,21:28:58,21.4828
362,-1220,960,15692,2022-03-25,21:29:13,21.4869
363,-1232,996,15676,2022-03-25,21:29:29,21.4914
364,-1140,1008,15748,2022-03-25,21:29:45,21.4958
365,-1172,1016,15800,2022-03-25,21:30:01,21.5003
366,-1212,1004,15756,2022-03-25,21:30:21,21.5058
367,-1164,972,15808,2022-03-25,21:30:37,21.5103
368,-1144,1004,15848,2022-03-25,21:30:53,21.5147
369,-1244,1016,15704,2022-03-25,21:31:08,21.5189
370,-1248,996,15700,2022-03-25,21:31:24,21.5233
371,-1084,980,15684,2022-03-25,21:31:40,21.5278
372,-1188,1012,15780,2022-03-25,21:31:55,21.5319
373,-1168,1020,15800,2022-03-25,21:32:11,21.5364
374,-1240,1044,15776,2022-03-25,21:32:27,21.5408
375,-1252,972,15688,2022-03-25,21:32:42,21.545
376,-1244,1000,15664,2022-03-25,21:32:58,21.5494
377,-1216,956,15696,2022-03-25,21:33:14,21.5539
378,-1204,964,15800,2022-03-25,21:33:29,21.5581
379,-1156,1028,15752,2022-03-25,21:33:45,21.5625
380,-1128,992,15620,2022-03-25,21:34:01,21.5669
381,-1152,928,15692,2022-03-25,21:34:16,21.5711
382,-1132,940,15764,2022-03-25,21:34:32,21.5756
383,-1188,1000,15672,2022-03-25,21:34:48,21.58
384,-1212,1004,15700,2022-03-25,21:35:03,21.5842
385,-1160,960,15808,2022-03-25,21:35:19,21.5886
386,-1156,1000,15744,2022-03-25,21:35:34,21.5928
387,-1164,992,15696,2022-03-25,21:35:50,21.5972
388,-1148,952,15780,2022-03-25,21:36:06,21.6017
389,-1200,952,15732,2022-03-25,21:36:21,21.6058
390,-1180,928,15760,2022-03-25,21:36:37,21.6103
391,-1224,996,15656,2022-03-25,21:36:53,21.6147
392,-1164,968,15628,2022-03-25,21:37:08,21.6189
393,-1200,968,15696,2022-03-25,21:37:24,21.6233
394,-1208,1004,15860,2022-03-25,21:37:40,21.6278
395,-1148,968,15684,2022-03-25,21:37:56,21.6322
396,-1204,972,15576,2022-03-25,21:38:11,21.6364
397,-1156,1016,15756,2022-03-25,21:38:27,21.6408
398,-1172,984,15584,2022-03-25,21:38:43,21.6453
399,-1196,1012,15740,2022-03-25,21:38:58,21.6494
400,-1144,904,15700,2022-03-25,21:39:14,21.6539
401,-1124,1000,15604,2022-03-25,21:39:30,21.6583
402,-1176,952,15676,2022-03-25,21:39:45,21.6625
403,-1164,916,15700,2022-03-25,21:40:01,21.6669
404,-1180,1020,15680,2022-03-25,21:40:17,21.6714
405,-1144,1020,15716,2022-03-25,21:40:32,21.6756
406,-1216,924,15560,2022-03-25,21:40:48,21.68
407,-1192,932,15812,2022-03-25,21:41:04,21.6844
408,-1236,956,15748,2022-03-25,21:41:19,21.6886
409,-1188,948,15712,2022-03-25,21:41:35,21.6931
410,-1176,984,15676,2022-03-25,21:41:51,21.6975
411,-1152,984,15692,2022-03-25,21:42:06,21.7017
412,-1176,984,15800,2022-03-25,21:42:22,21.7061
413,-1124,1040,15808,2022-03-25,21:42:38,21.7106
414,-1132,1000,15784,2022-03-25,21:42:55,21.7153
415,-1232,976,15756,2022-03-25,21:43:10,21.7194
416,-1160,1080,15752,2022-03-25,21:43:26,21.7239
417,-1156,968,15724,2022-03-25,21:43:42,21.7283
418,-1196,976,15672,2022-03-25,21:43:57,21.7325
419,-1244,924,15768,2022-03-25,21:44:13,21.7369
420,-1204,996,15708,2022-03-25,21:44:29,21.7414
421,-1236,996,15720,2022-03-25,21:44:44,21.7456
422,-1156,948,15768,2022-03-25,21:45:00,21.75
423,-1100,948,15764,2022-03-25,21:45:16,21.7544
424,-1248,1024,15684,2022-03-25,21:45:31,21.7586
425,-1236,956,15728,2022-03-25,21:45:47,21.7631
426,-1124,996,15716,2022-03-25,21:46:03,21.7675
427,-1232,1012,15712,2022-03-25,21:46:18,21.7717
428,-1176,940,15788,2022-03-25,21:46:34,21.7761
429,-1152,948,15756,2022-03-25,21:46:50,21.7806
430,-1112,1040,15816,2022-03-25,21:47:05,21.7847
431,-1160,956,15752,2022-03-25,21:47:21,21.7892
432,-1168,912,15792,2022-03-25,21:47:37,21.7936
433,-1180,920,15852,2022-03-25,21:47:52,21.7978
434,-1168,1008,15788,2022-03-25,21:48:08,21.8022
435,-1188,892,15688,2022-03-25,21:48:24,21.8067
436,-1244,932,15724,2022-03-25,21:48:39,21.8108
437,-1240,992,15624,2022-03-25,21:48:55,21.8153
438,-1220,908,15700,2022-03-25,21:49:11,21.8197
439,-1168,940,15700,2022-03-25,21:49:26,21.8239
440,-1196,944,15836,2022-03-25,21:49:42,21.8283
441,-1224,1036,15748,2022-03-25,21:49:58,21.8328
442,-1288,968,15644,2022-03-25,21:50:13,21.8369
443,-1212,984,15716,2022-03-25,21:50:29,21.8414
444,-1132,996,15696,2022-03-25,21:50:45,21.8458
445,-1128,996,15736,2022-03-25,21:51:01,21.8503
446,-1140,996,15672,2022-03-25,21:51:16,21.8544
447,-1148,1040,15664,2022-03-25,21:51:32,21.8589
448,-1172,932,15700,2022-03-25,21:51:47,21.8631
449,-1196,980,15684,2022-03-25,21:52:03,21.8675
450,-1124,984,15668,2022-03-25,21:52:19,21.8719
451,-1124,1060,15780,2022-03-25,21:52:34,21.8761
452,-1176,980,15676,2022-03-25,21:52:50,21.8806
453,-1212,1040,15776,2022-03-25,21:53:06,21.885
454,-1192,1008,15740,2022-03-25,21:53:21,21.8892
455,-1176,984,15740,2022-03-25,21:53:37,21.8936
456,-1172,968,15640,2022-03-25,21:53:53,21.8981
457,-1156,944,15744,2022-03-25,21:54:08,21.9022
458,-1228,996,15728,2022-03-25,21:54:24,21.9067
459,-1200,1032,15700,2022-03-25,21:54:40,21.9111
460,-1228,964,15628,2022-03-25,21:54:55,21.9153
461,-1212,956,15760,2022-03-25,21:55:11,21.9197
462,-1260,988,15804,2022-03-25,21:55:27,21.9242
463,-1208,892,15744,2022-03-25,21:55:42,21.9283
464,-1184,1024,15740,2022-03-25,21:55:58,21.9328
465,-1216,1012,15692,2022-03-25,21:56:14,21.9372
466,-1160,940,15652,2022-03-25,21:56:29,21.9414
467,-1192,1076,15676,2022-03-25,21:56:45,21.9458
468,-1148,956,15668,2022-03-25,21:57:01,21.9503
469,-1120,1020,15588,2022-03-25,21:57:16,21.9544
470,-1132,972,15716,2022-03-25,21:57:32,21.9589
471,-1176,1048,15736,2022-03-25,21:57:48,21.9633
472,-1172,1072,15720,2022-03-25,21:58:03,21.9675
473,-1224,948,15768,2022-03-25,21:58:19,21.9719
474,-1208,1012,15688,2022-03-25,21:58:34,21.9761
475,-1188,976,15688,2022-03-25,21:58:50,21.9806
476,-1184,972,15744,2022-03-25,21:59:06,21.985
477,-1252,1052,15800,2022-03-25,21:59:21,21.9892
478,-1204,956,15744,2022-03-25,21:59:37,21.9936
479,-1140,1008,15800,2022-03-25,21:59:53,21.9981
480,-1236,972,15808,2022-03-25,22:00:08,22.0022
481,-1260,1020,15656,2022-03-25,22:00:24,22.0067
482,-1256,916,15732,2022-03-25,22:00:40,22.0111
483,-1180,984,15720,2022-03-25,22:00:55,22.0153
484,-1172,988,15800,2022-03-25,22:01:11,22.0197
485,-1196,988,15652,2022-03-25,22:01:27,22.0242
486,-1232,1040,15764,2022-03-25,22:01:42,22.0283
487,-1216,928,15728,2022-03-25,22:01:58,22.0328
488,-1204,976,15824,2022-03-25,22:02:14,22.0372
489,-1160,980,15684,2022-03-25,22:02:29,22.0414
490,-1204,984,15700,2022-03-25,22:02:45,22.0458
491,-1192,988,15788,2022-03-25,22:03:01,22.0503
492,-1160,1004,15836,2022-03-25,22:03:16,22.0544
493,-1176,972,15652,2022-03-25,22:03:32,22.0589
494,-1248,960,15772,2022-03-25,22:03:48,22.0633
495,-1152,984,15644,2022-03-25,22:04:03,22.0675
496,-1160,980,15676,2022-03-25,22:04:19,22.0719
497,-1192,988,15724,2022-03-25,22:04:35,22.0764
498,-1180,956,15808,2022-03-25,22:04:50,22.0806
499,-1236,988,15712,2022-03-25,22:05:06,22.085
500,-1168,904,15796,2022-03-25,22:05:22,22.0894
501,-1204,968,15668,2022-03-25,22:05:38,22.0939
502,-1240,932,15756,2022-03-25,22:05:53,22.0981
503,-1124,980,15668,2022-03-25,22:06:09,22.1025
504,-1184,948,15812,2022-03-25,22:06:25,22.1069
505,-1160,992,15616,2022-03-25,22:06:40,22.1111
506,-1160,1008,15624,2022-03-25,22:06:56,22.1156
507,-1104,920,15736,2022-03-25,22:07:12,22.12
508,-1188,1020,15788,2022-03-25,22:07:27,22.1242
509,-1180,940,15612,2022-03-25,22:07:43,22.1286
510,-1220,908,15728,2022-03-25,22:07:59,22.1331
511,-1192,972,15732,2022-03-25,22:08:14,22.1372
512,-1232,1000,15820,2022-03-25,22:08:30,22.1417
513,-1220,896,15784,2022-03-25,22:08:46,22.1461
514,-1188,952,15840,2022-03-25,22:09:01,22.1503
515,-1224,1004,15672,2022-03-25,22:09:17,22.1547
516,-1172,924,15764,2022-03-25,22:09:33,22.1592
517,-1140,1020,15744,2022-03-25,22:09:48,22.1633
518,-1220,908,15720,2022-03-25,22:10:04,22.1678
519,-1168,924,15816,2022-03-25,22:10:20,22.1722
520,-1224,976,15668,2022-03-25,22:10:35,22.1764
521,-1200,960,15776,2022-03-25,22:10:51,22.1808
522,-1124,980,15704,2022-03-25,22:11:07,22.1853
523,-1240,952,15744,2022-03-25,22:11:22,22.1894
524,-1188,916,15652,2022-03-25,22:11:38,22.1939
525,-1200,972,15648,2022-03-25,22:11:54,22.1983
526,-1204,1016,15624,2022-03-25,22:12:09,22.2025
527,-1192,1000,15740,2022-03-25,22:12:25,22.2069
528,-1164,964,15724,2022-03-25,22:12:41,22.2114
529,-1180,936,15716,2022-03-25,22:12:56,22.2156
530,-1192,1004,15688,2022-03-25,22:13:12,22.22
531,-1144,976,15712,2022-03-25,22:13:28,22.2244
532,-1200,980,15760,2022-03-25,22:13:43,22.2286
533,-1184,952,15720,2022-03-25,22:13:59,22.2331
534,-1136,988,15824,2022-03-25,22:14:15,22.2375
535,-1156,1052,15808,2022-03-25,22:14:30,22.2417
536,-1204,976,15704,2022-03-25,22:14:46,22.2461
537,-1176,1000,15672,2022-03-25,22:15:02,22.2506
538,-1208,1004,15684,2022-03-25,22:15:17,22.2547
539,-1216,928,15720,2022-03-25,22:15:33,22.2592
540,-1204,992,15724,2022-03-25,22:15:49,22.2636
541,-1212,992,15912,2022-03-25,22:16:05,22.2681
542,-1244,944,15680,2022-03-25,22:16:20,22.2722
543,-1188,936,15692,2022-03-25,22:16:36,22.2767
544,-1184,1004,15708,2022-03-25,22:16:51,22.2808
545,-1168,988,15716,2022-03-25,22:17:07,22.2853
546,-1196,932,15612,2022-03-25,22:17:23,22.2897
547,-1196,924,15580,2022-03-25,22:17:38,22.2939
548,-1220,860,15700,2022-03-25,22:17:54,22.2983
549,-1120,984,15660,2022-03-25,22:18:10,22.3028
550,-1188,1048,15808,2022-03-25,22:18:25,22.3069
551,-1212,928,15824,2022-03-25,22:18:41,22.3114
552,-1216,960,15720,2022-03-25,22:18:57,22.3158
553,-1184,968,15708,2022-03-25,22:19:12,22.32
554,-1192,948,15736,2022-03-25,22:19:28,22.3244
555,-1216,920,15744,2022-03-25,22:19:44,22.3289
556,-1220,972,15772,2022-03-25,22:19:59,22.3331
557,-1120,952,15664,2022-03-25,22:20:15,22.3375
558,-1152,972,15520,2022-03-25,22:20:31,22.3419
559,-1172,1076,15524,2022-03-25,22:20:46,22.3461
560,-1088,940,15676,2022-03-25,22:21:02,22.3506
561,-1168,948,15664,2022-03-25,22:21:18,22.355
562,-1192,976,15684,2022-03-25,22:21:33,22.3592
563,-1156,988,15596,2022-03-25,22:21:49,22.3636
564,-1276,988,15708,2022-03-25,22:22:05,22.3681
565,-1164,916,15660,2022-03-25,22:22:21,22.3725
566,-1200,960,15804,2022-03-25,22:22:36,22.3767
567,-1196,1008,15828,2022-03-25,22:22:52,22.3811
568,-1148,956,15628,2022-03-25,22:23:08,22.3856
569,-1132,936,15680,2022-03-25,22:23:23,22.3897
570,-1168,1000,15768,2022-03-25,22:23:39,22.3942
571,-1164,992,15672,2022-03-25,22:23:55,22.3986
572,-1180,948,15796,2022-03-25,22:24:10,22.4028
573,-1136,980,15648,2022-03-25,22:24:26,22.4072
574,-1188,1012,15652,2022-03-25,22:24:42,22.4117
575,-1212,968,15608,2022-03-25,22:24:57,22.4158
576,-1176,1044,15612,2022-03-25,22:25:13,22.4203
577,-1180,956,15816,2022-03-25,22:25:29,22.4247
578,-1180,952,15680,2022-03-25,22:25:44,22.4289
579,-1268,1012,15688,2022-03-25,22:26:00,22.4333
580,-1268,996,15700,2022-03-25,22:26:16,22.4378
581,-1224,1004,15704,2022-03-25,22:26:31,22.4419
582,-1220,976,15680,2022-03-25,22:26:47,22.4464
583,-1168,968,15868,2022-03-25,22:27:03,22.4508
584,-1216,1016,15664,2022-03-25,22:27:18,22.455
585,-1136,992,15672,2022-03-25,22:27:34,22.4594
586,-1196,1012,15792,2022-03-25,22:27:50,22.4639
587,-1180,1052,15676,2022-03-25,22:28:05,22.4681
588,-1208,924,15720,2022-03-25,22:28:21,22.4725
589,-1316,864,15324,2022-03-25,22:28:37,22.4769
590,-1132,1012,15752,2022-03-25,22:28:52,22.4811
591,-1376,888,15908,2022-03-25,22:29:08,22.4856
592,-1232,932,15752,2022-03-25,22:29:24,22.49
593,-1232,920,15656,2022-03-25,22:29:39,22.4942
594,-1212,1056,16092,2022-03-25,22:29:55,22.4986
595,-1068,968,15868,2022-03-25,22:30:11,22.5031
596,-1232,992,15704,2022-03-25,22:30:26,22.5072
597,-1192,924,15732,2022-03-25,22:30:42,22.5117
598,-1132,940,15660,2022-03-25,22:30:58,22.5161
599,-1092,980,15644,2022-03-25,22:31:13,22.5203
600,-1248,948,15684,2022-03-25,22:31:29,22.5247
601,-1184,924,15496,2022-03-25,22:31:45,22.5292
602,-1152,976,15800,2022-03-25,22:32:00,22.5333
603,-1188,1000,15696,2022-03-25,22:32:16,22.5378
604,-1260,980,15700,2022-03-25,22:32:32,22.5422
605,-1184,944,15732,2022-03-25,22:32:48,22.5467
606,-1292,976,15880,2022-03-25,22:33:03,22.5508
607,-1080,1008,15816,2022-03-25,22:33:19,22.5553
608,-1224,1036,15908,2022-03-25,22:33:35,22.5597
609,-1172,1000,15688,2022-03-25,22:33:50,22.5639
610,-1140,964,15708,2022-03-25,22:34:06,22.5683
611,-1140,976,15676,2022-03-25,22:34:21,22.5725
612,-1196,1036,15916,2022-03-25,22:34:37,22.5769
613,-1184,1048,15760,2022-03-25,22:34:53,22.5814
614,-1180,964,15672,2022-03-25,22:35:08,22.5856
615,-1208,980,15668,2022-03-25,22:35:24,22.59
616,-1212,1020,15704,2022-03-25,22:35:40,22.5944
617,-1216,968,15740,2022-03-25,22:35:55,22.5986
618,-1196,972,15632,2022-03-25,22:36:11,22.6031
619,-1184,996,15676,2022-03-25,22:36:27,22.6075
620,-1156,944,15792,2022-03-25,22:36:43,22.6119
621,-1176,996,15672,2022-03-25,22:36:58,22.6161
622,-1192,1008,15672,2022-03-25,22:37:14,22.6206
623,-1252,952,15828,2022-03-25,22:37:30,22.625
624,-1192,992,15736,2022-03-25,22:37:45,22.6292
625,-1216,1032,15740,2022-03-25,22:38:01,22.6336
626,-1124,1012,15856,2022-03-25,22:38:17,22.6381
627,-1212,1012,15752,2022-03-25,22:38:32,22.6422
628,-1172,1060,15756,2022-03-25,22:38:48,22.6467
629,-1128,916,15668,2022-03-25,22:39:04,22.6511
630,-1204,980,15700,2022-03-25,22:39:19,22.6553
631,-1224,912,15668,2022-03-25,22:39:35,22.6597
632,-1180,944,15732,2022-03-25,22:39:51,22.6642
633,-1188,1024,15748,2022-03-25,22:40:06,22.6683
634,-1220,1004,15756,2022-03-25,22:40:22,22.6728
635,-1188,964,15676,2022-03-25,22:40:38,22.6772
636,-1216,964,15732,2022-03-25,22:40:53,22.6814
637,-1260,984,15664,2022-03-25,22:41:09,22.6858
638,-1268,988,15612,2022-03-25,22:41:25,22.6903
639,-1104,928,15644,2022-03-25,22:41:40,22.6944
640,-1140,952,15664,2022-03-25,22:41:56,22.6989
641,-1168,992,15760,2022-03-25,22:42:12,22.7033
642,-1144,972,15584,2022-03-25,22:42:27,22.7075
643,-1172,1008,15768,2022-03-25,22:42:43,22.7119
644,-1096,992,15640,2022-03-25,22:42:59,22.7164
645,-1120,1016,15664,2022-03-25,22:43:14,22.7206
646,-1184,972,15752,2022-03-25,22:43:30,22.725
647,-1140,992,15792,2022-03-25,22:43:46,22.7294
648,-1160,1024,15672,2022-03-25,22:44:01,22.7336
649,-1176,944,15672,2022-03-25,22:44:17,22.7381
650,-1132,972,15684,2022-03-25,22:44:33,22.7425
651,-1244,940,15836,2022-03-25,22:44:48,22.7467
652,-1212,916,15828,2022-03-25,22:45:04,22.7511
653,-1172,992,15600,2022-03-25,22:45:20,22.7556
654,-1160,1024,15684,2022-03-25,22:45:35,22.7597
655,-1104,1004,15824,2022-03-25,22:45:51,22.7642
656,-1144,1000,15652,2022-03-25,22:46:07,22.7686
657,-1216,996,15680,2022-03-25,22:46:22,22.7728
658,-1204,984,15732,2022-03-25,22:46:38,22.7772
659,-1220,1008,15776,2022-03-25,22:46:54,22.7817
660,-1240,972,15716,2022-03-25,22:47:09,22.7858
661,-1156,996,15716,2022-03-25,22:47:25,22.7903
662,-1200,904,15796,2022-03-25,22:47:41,22.7947
663,-1208,900,15800,2022-03-25,22:47:56,22.7989
664,-1168,952,15776,2022-03-25,22:48:12,22.8033
665,-1180,1000,15676,2022-03-25,22:48:28,22.8078
666,-1188,1024,15636,2022-03-25,22:48:43,22.8119
667,-1208,924,15740,2022-03-25,22:48:59,22.8164
668,-1240,1036,15720,2022-03-25,22:49:15,22.8208
669,-1224,984,15696,2022-03-25,22:49:30,22.825
670,-1176,960,15840,2022-03-25,22:49:46,22.8294
671,-1180,972,15640,2022-03-25,22:50:02,22.8339
672,-1140,964,15532,2022-03-25,22:50:17,22.8381
673,-1176,988,15740,2022-03-25,22:50:33,22.8425
674,-1228,936,15796,2022-03-25,22:50:49,22.8469
675,-1124,1028,15700,2022-03-25,22:51:05,22.8514
676,-1208,1032,15824,2022-03-25,22:51:20,22.8556
677,-1200,1032,15668,2022-03-25,22:51:36,22.86
678,-1212,880,15756,2022-03-25,22:51:52,22.8644
679,-1192,1024,15776,2022-03-25,22:52:07,22.8686
680,-1184,924,15728,2022-03-25,22:52:23,22.8731
681,-1212,1000,15736,2022-03-25,22:52:39,22.8775
682,-1216,948,15720,2022-03-25,22:52:54,22.8817
683,-1180,1052,15660,2022-03-25,22:53:10,22.8861
684,-1188,976,15724,2022-03-25,22:53:26,22.8906
685,-1200,1028,15748,2022-03-25,22:53:41,22.8947
686,-1176,932,15620,2022-03-25,22:53:57,22.8992
687,-1124,960,15664,2022-03-25,22:54:13,22.9036
688,-1112,980,15732,2022-03-25,22:54:28,22.9078
689,-1200,1004,15708,2022-03-25,22:54:44,22.9122
690,-1172,928,15648,2022-03-25,22:55:00,22.9167
691,-1164,980,15772,2022-03-25,22:55:15,22.9208
692,-1200,992,15636,2022-03-25,22:55:31,22.9253
693,-1244,976,15852,2022-03-25,22:55:47,22.9297
694,-1196,992,15824,2022-03-25,22:56:02,22.9339
695,-1160,944,15632,2022-03-25,22:56:18,22.9383
696,-1136,972,15780,2022-03-25,22:56:34,22.9428
697,-1136,996,15648,2022-03-25,22:56:49,22.9469
698,-1188,940,15848,2022-03-25,22:57:05,22.9514
699,-1216,916,15632,2022-03-25,22:57:21,22.9558
700,-1184,1012,15736,2022-03-25,22:57:36,22.96
701,-1100,1012,15704,2022-03-25,22:57:52,22.9644
702,-1152,1036,15648,2022-03-25,22:58:08,22.9689
703,-1152,900,15724,2022-03-25,22:58:23,22.9731
704,-1196,972,15752,2022-03-25,22:58:39,22.9775
705,-1140,972,15696,2022-03-25,22:58:55,22.9819
706,-1220,972,15740,2022-03-25,22:59:10,22.9861
707,-1116,1032,15712,2022-03-25,22:59:26,22.9906
708,-1156,1032,15664,2022-03-25,22:59:42,22.995
709,-1208,960,15792,2022-03-25,22:59:57,22.9992
710,-1176,964,15772,2022-03-25,23:00:13,23.0036
711,-1192,948,15628,2022-03-25,23:00:29,23.0081
712,-1156,992,15696,2022-03-25,23:00:44,23.0122
713,-1172,984,15724,2022-03-25,23:01:00,23.0167
714,-1216,972,15772,2022-03-25,23:01:16,23.0211
715,-1288,1040,15708,2022-03-25,23:01:31,23.0253
716,-1188,988,15704,2022-03-25,23:01:47,23.0297
717,-1164,1112,15732,2022-03-25,23:02:03,23.0342
718,-1220,964,15708,2022-03-25,23:02:18,23.0383
719,-1168,1052,15716,2022-03-25,23:02:34,23.0428
720,-1176,932,15676,2022-03-25,23:02:50,23.0472
721,-1168,988,15716,2022-03-25,23:03:05,23.0514
722,-1208,1028,15596,2022-03-25,23:03:21,23.0558
723,-1208,996,15684,2022-03-25,23:03:37,23.0603
724,-1200,940,15684,2022-03-25,23:03:52,23.0644
725,-1216,972,15796,2022-03-25,23:04:08,23.0689
726,-1204,900,15672,2022-03-25,23:04:24,23.0733
727,-1200,984,15800,2022-03-25,23:04:39,23.0775
728,-1140,1048,15736,2022-03-25,23:04:55,23.0819
729,-1180,952,15740,2022-03-25,23:05:11,23.0864
730,-1172,952,15796,2022-03-25,23:05:26,23.0906
731,-1128,1016,15704,2022-03-25,23:05:42,23.095
732,-1172,972,15748,2022-03-25,23:05:58,23.0994
733,-1168,960,15780,2022-03-25,23:06:13,23.1036
734,-1152,924,15596,2022-03-25,23:06:29,23.1081
735,-1176,996,15816,2022-03-25,23:06:45,23.1125
736,-1200,928,15756,2022-03-25,23:07:00,23.1167
737,-1216,972,15780,2022-03-25,23:07:16,23.1211
738,-1152,980,15592,2022-03-25,23:07:32,23.1256
739,-1160,1016,15780,2022-03-25,23:07:48,23.13
740,-1204,980,15760,2022-03-25,23:08:03,23.1342
741,-1184,952,15776,2022-03-25,23:08:19,23.1386
742,-1256,908,15876,2022-03-25,23:08:35,23.1431
